text,label,sentiment,source,model
Tech giant Microsoft announces the launch of its new cloud-based AI platform for developers.,1,neutral,synthetic,mistral:7b
"Tech giant Microsoft announces a new cloud-based productivity suite for small businesses, slated for release next quarter.",1,neutral,synthetic,mistral:7b
"Goldman Sachs announces the appointment of Jane Thompson as its new Chief Risk Officer, effective September 1st.",1,neutral,synthetic,mistral:7b
"Amazon announces the launch of a new logistics center in Denver, set to create over 1,000 jobs by the end of next year.",1,neutral,synthetic,mistral:7b
Tech giant Microsoft announces the launch of a new cloud-based productivity suite for small and medium-sized businesses.,1,neutral,synthetic,mistral:7b
Amazon announces the launch of a new renewable energy project in Texas to power its data centers.,1,neutral,synthetic,mistral:7b
Amazon announces a new partnership with Ford to explore delivery drone technology.,1,neutral,synthetic,mistral:7b
"Microsoft announces the launch of a new cloud-based productivity suite, set to roll out in Q3.",1,neutral,synthetic,mistral:7b
"Amazon announces the launch of a new solar-powered data center in Virginia, furthering its commitment to renewable energy sources.",1,neutral,synthetic,mistral:7b
"Amazon announces the launch of a new renewable energy project in Texas, furthering its commitment to sustainable operations.",1,neutral,synthetic,mistral:7b
Tech giant Microsoft announces a new partnership with IBM to develop cloud-based AI solutions.,1,neutral,synthetic,mistral:7b
IBM announces the launch of a new AI-powered cloud service for small businesses.,1,neutral,synthetic,mistral:7b
Tech giant Microsoft announces the launch of its new cloud-based productivity suite for small businesses.,1,neutral,synthetic,mistral:7b
"Microsoft announces the launch of its new cloud-based productivity suite, set to roll out globally in Q3 2023.",1,neutral,synthetic,mistral:7b
"Goldman Sachs announces the appointment of Jane Kim as Head of Global Investment Research, effective immediately.",1,neutral,synthetic,mistral:7b
IBM announces the launch of a new cloud-based AI analytics platform for small businesses.,1,neutral,synthetic,mistral:7b
"IBM announces a new cloud-based AI solution for healthcare providers, set to launch in Q2 2023.",1,neutral,synthetic,mistral:7b
"Tech giant Microsoft Corporation announces the launch of its new cloud-based productivity suite for small businesses, set to be rolled out globally by Q2 2023.",1,neutral,synthetic,mistral:7b
"Apple Inc. announces the launch of its new iPad Pro, featuring M1 chip and Liquid Retina XDR display, available for pre-order starting April 30.",1,neutral,synthetic,mistral:7b
Microsoft announces the launch of a new cloud-based productivity suite for small businesses.,1,neutral,synthetic,mistral:7b
Tech giant IBM announces the launch of a new cloud-based data analytics platform aimed at enhancing business efficiency.,1,neutral,synthetic,mistral:7b
Tech giant Microsoft announces the launch of a new cloud-based service for small businesses.,1,neutral,synthetic,mistral:7b
"Goldman Sachs announces the appointment of Jane Smith as Chief Operating Officer, effective immediately.",1,neutral,synthetic,mistral:7b
"IBM announces the launch of its new cloud-based data analytics platform, aimed at enhancing business efficiency and decision-making capabilities.",1,neutral,synthetic,mistral:7b
"Amazon announces a new logistics center in Atlanta, set to create 1,000 jobs by the end of 2022.",1,neutral,synthetic,mistral:7b
Amazon announces the launch of a new solar-powered delivery station in Los Angeles as part of its commitment to sustainable operations.,1,neutral,synthetic,mistral:7b
Tech giant Microsoft announces the launch of a new cloud-based productivity suite for small businesses.,1,neutral,synthetic,mistral:7b
IBM announces a new cloud-based data analytics solution for small businesses.,1,neutral,synthetic,mistral:7b
Amazon announces a new partnership with Tesla for solar-powered data centers in its ongoing efforts to reduce carbon footprint.,1,neutral,synthetic,mistral:7b
"Tech giant Google announces a new product launch in the cloud computing sector, aimed at enhancing efficiency and scalability for businesses worldwide.",1,neutral,synthetic,mistral:7b
IBM announces the launch of its new cloud-based data analytics platform.,1,neutral,synthetic,mistral:7b
Amazon announces the launch of a new sustainability initiative aimed at reducing carbon emissions across its global delivery network.,1,neutral,synthetic,mistral:7b
Pharmaceutical giant Pfizer announces the launch of a new clinical trial for its experimental cancer treatment drug.,1,neutral,synthetic,mistral:7b
Microsoft announces the launch of its new cloud-based productivity suite 'Office 365 Fx' for small and medium businesses.,1,neutral,synthetic,mistral:7b
Microsoft Corporation announces the release of its quarterly earnings report on May 3rd.,1,neutral,synthetic,mistral:7b
IBM announces the launch of its new cloud-based data analytics service for small businesses.,1,neutral,synthetic,mistral:7b
"Amazon announces the launch of a new sustainable packaging initiative, aiming to reduce waste and carbon footprint in its delivery operations.",1,neutral,synthetic,mistral:7b
Amazon announces the launch of a new sustainable packaging initiative for its e-commerce operations.,1,neutral,synthetic,mistral:7b
IBM announces a new cloud-based analytics service for small and medium-sized businesses.,1,neutral,synthetic,mistral:7b
"Tech giant Microsoft announces the launch of its new cloud-based productivity suite, set to be available globally by Q3 2023.",1,neutral,synthetic,mistral:7b
"Microsoft announces the release of a new cloud-based productivity suite, set to be available for testing in Q3.",1,neutral,synthetic,mistral:7b
"IBM announces the launch of its new cloud-based data analytics platform, IBM Watson OpenScale, aimed at helping businesses ensure fairness and transparency in artificial intelligence models.",1,neutral,synthetic,mistral:7b
Tech giant Microsoft announces the launch of its new cloud-based productivity suite for small businesses.,1,neutral,synthetic,mistral:7b
"Tech giant Google announces the launch of a new productivity app, 'Google Boost', aimed at enhancing user efficiency.",1,neutral,synthetic,mistral:7b
IBM announces a new collaboration with Google Cloud to enhance cloud services offerings.,1,neutral,synthetic,mistral:7b
"Tech giant Google announces a new AI research initiative, set to launch next quarter.",1,neutral,synthetic,mistral:7b
IBM announces the launch of a new cloud-based data analytics platform for small and medium businesses.,1,neutral,synthetic,mistral:7b
"Amazon Web Services announces the launch of a new data center in Singapore, further expanding its global cloud infrastructure.",1,neutral,synthetic,mistral:7b
"Amazon announces plans to expand its solar energy capacity in Germany, furthering its commitment to renewable sources.",1,neutral,synthetic,mistral:7b
"Amazon announces plans to expand its renewable energy portfolio, pledging to source 100% of its energy needs from renewable sources by 2030.",1,neutral,synthetic,mistral:7b
Tech giant IBM announces the launch of a new cloud-based data analytics service aimed at improving business efficiency.,1,neutral,synthetic,mistral:7b
Amazon announces the launch of a new solar-powered data center in Virginia.,1,neutral,synthetic,mistral:7b
Tech giant Microsoft announces the launch of its new cloud-based productivity suite 'Office X' on October 1st.,1,neutral,synthetic,mistral:7b
Goldman Sachs announces the appointment of Jane Kim as co-head of its investment banking division in Asia Pacific.,1,neutral,synthetic,mistral:7b
Amazon announces a new partnership with BMW to explore in-car voice commerce integration.,1,neutral,synthetic,mistral:7b
Microsoft announces a new partnership with Adobe for cloud services integration.,1,neutral,synthetic,mistral:7b
"Tech giant Microsoft announces the launch of its new cloud service, Azure Quantum, designed to accelerate quantum computing development.",1,neutral,synthetic,mistral:7b
"Tech giant Microsoft announces the launch of a new cloud-based productivity suite, set to be released in Q3 2022.",1,neutral,synthetic,mistral:7b
"XYZ Corporation announces the appointment of Jane Doe as its new Chief Financial Officer, effective immediately.",1,neutral,synthetic,mistral:7b
Amazon Web Services announces the launch of a new data analytics tool for small businesses.,1,neutral,synthetic,mistral:7b
Amazon Web Services announces a new data analytics service for small businesses.,1,neutral,synthetic,mistral:7b
Amazon announces the launch of a new sustainable packaging initiative for all shipments.,1,neutral,synthetic,mistral:7b
"Apple Inc. announces the launch of its new iPhone SE model, available for pre-order starting April 17.",1,neutral,synthetic,mistral:7b
Goldman Sachs announces the appointment of Jane Thompson as Head of Global Investment Research.,1,neutral,synthetic,mistral:7b
Amazon announces the launch of a new cloud computing service for small businesses.,1,neutral,synthetic,mistral:7b
Amazon announces a new partnership with Zoom for video conferencing integration in its cloud services.,1,neutral,synthetic,mistral:7b
IBM announces the launch of a new cloud-based analytics service aimed at enhancing business intelligence for SMBs.,1,neutral,synthetic,mistral:7b
IBM announces the launch of its new AI-powered cloud service for small businesses.,1,neutral,synthetic,mistral:7b
IBM announces the launch of a new cloud-based analytics platform aimed at enhancing data management for businesses.,1,neutral,synthetic,mistral:7b
Amazon announces the launch of a new logistics hub in Seattle to support growing e-commerce demand.,1,neutral,synthetic,mistral:7b
"Microsoft announces the launch of its new cloud-based productivity suite, set to be rolled out in Q3 2022.",1,neutral,synthetic,mistral:7b
"Tech giant Google announces a new productivity suite integration, set to roll out next quarter.",1,neutral,synthetic,mistral:7b
"Tech giant Microsoft announces the launch of its new cloud service, Azure Fog, designed to enhance edge computing capabilities for businesses.",1,neutral,synthetic,mistral:7b
"Tech giant Microsoft announces a new AI-powered productivity suite, set to be launched in Q3 2023.",1,neutral,synthetic,mistral:7b
"Microsoft Corporation announces a new strategic partnership with Adobe Systems for cloud services integration, effective immediately.",1,neutral,synthetic,mistral:7b
"Microsoft announces the launch of its new cloud-based productivity suite, aimed at expanding its offerings for small and medium-sized businesses.",1,neutral,synthetic,mistral:7b
"Microsoft announces the launch of its new cloud-based productivity suite, set to be available for testing by select partners in Q3.",1,neutral,synthetic,mistral:7b
Apple Inc. announces a new strategic partnership with Samsung for the development of advanced 5G technologies.,1,neutral,synthetic,mistral:7b
IBM announces the launch of its new AI-powered cloud service for small businesses.,1,neutral,synthetic,mistral:7b
"IBM announces the appointment of Jane Doe as its new Chief Financial Officer, effective July 1.",1,neutral,synthetic,mistral:7b
"IBM announces the launch of its new AI-powered data analytics platform, set to be rolled out next month.",1,neutral,synthetic,mistral:7b
Amazon announces the launch of a new cloud-based data analytics service.,1,neutral,synthetic,mistral:7b
"Amazon announces the launch of a new sustainability initiative, pledging to use 100% renewable energy by 2030.",1,neutral,synthetic,mistral:7b
"Tech giant Google announces the launch of a new cloud-based data analytics service, set to be rolled out globally by Q2 2023.",1,neutral,synthetic,mistral:7b
IBM announces the launch of its new AI-powered cloud service for small businesses.,1,neutral,synthetic,mistral:7b
IBM announces the launch of a new cloud-based data analytics platform for small businesses.,1,neutral,synthetic,mistral:7b
"Microsoft Corporation announces the launch of a new cloud service aimed at small businesses, set to roll out globally in Q2 2023.",1,neutral,synthetic,mistral:7b
"Tech giant Microsoft announces the launch of its new cloud service, Azure Stack HCI 21H2, expanding its cloud offerings for small and medium-sized businesses.",1,neutral,synthetic,mistral:7b
"Tech giant Microsoft announces the launch of its new cloud-based productivity suite, Azure Productivity 365, set to roll out globally in Q4 this year.",1,neutral,synthetic,mistral:7b
"IBM announces the launch of its new cloud-based data analytics service, set to be available globally by Q2 2023.",1,neutral,synthetic,mistral:7b
"Goldman Sachs announces the appointment of a new chief operating officer, effective immediately.",1,neutral,synthetic,mistral:7b
Goldman Sachs announces the appointment of a new head of its Global Investment Research division.,1,neutral,synthetic,mistral:7b
Amazon announces a new partnership with DHL for delivery services expansion in Europe.,1,neutral,synthetic,mistral:7b
"Apple Inc. announces the launch of its new iPhone SE model, featuring an A13 Bionic chip and a starting price of $399.",1,neutral,synthetic,mistral:7b
IBM announces the launch of its new cloud-based AI platform for businesses in the retail sector.,1,neutral,synthetic,mistral:7b
"XYZ Corp announces the appointment of Jane Doe as its new Chief Operating Officer, effective immediately.",1,neutral,synthetic,mistral:7b
"Microsoft Corporation announces the launch of its new cloud-based productivity suite, aimed at enhancing collaboration among businesses.",1,neutral,synthetic,mistral:7b
Amazon Web Services (AWS) announces a new cloud-based machine learning service for developers.,1,neutral,synthetic,mistral:7b
"Microsoft announces the launch of its new cloud-based productivity suite, aimed at enhancing collaboration and streamlining workflows for businesses.",1,neutral,synthetic,mistral:7b
Tech giant Microsoft announces the launch of its new cloud-based AI platform for small and medium businesses.,1,neutral,synthetic,mistral:7b
Goldman Sachs announces the appointment of a new head of its Investment Banking division in Europe.,1,neutral,synthetic,mistral:7b
"IBM announces the appointment of Jane Doe as its new Chief Financial Officer, effective March 1.",1,neutral,synthetic,mistral:7b
"Tesla announces the launch of its new solar roof tile model, which promises increased efficiency and a sleek design.",1,neutral,synthetic,mistral:7b
Tech giant Microsoft announces the launch of a new cloud-based productivity suite.,1,neutral,synthetic,mistral:7b
"Goldman Sachs announces the appointment of Jane Thompson as Head of Global Commodities Trading, effective immediately.",1,neutral,synthetic,mistral:7b
Amazon announces plans to open a new fulfillment center in Arizona by the end of 2023.,1,neutral,synthetic,mistral:7b
"Apple Inc. announces the launch of its new macOS Monterey operating system, available for download starting October 25.",1,neutral,synthetic,mistral:7b
Amazon announces the launch of a new renewable energy project in Texas.,1,neutral,synthetic,mistral:7b
Tech giant Microsoft announces a new partnership with IBM for cloud-based data analytics services.,1,neutral,synthetic,mistral:7b
Amazon announces the launch of a new renewable energy project in Virginia to power its data centers.,1,neutral,synthetic,mistral:7b
"Amazon announces the launch of its new delivery drone service, Prime Air Express, set to roll out in select cities next quarter.",1,neutral,synthetic,mistral:7b
"Microsoft announces a new partnership with Adobe for cloud services integration, effective Q2 2023.",1,neutral,synthetic,mistral:7b
"Tesla announces the launch of its new Solar Roof tile design, set for production later this year.",1,neutral,synthetic,mistral:7b
"ABC Corporation announces the appointment of Jane Smith as Chief Operating Officer, effective immediately.",1,neutral,synthetic,mistral:7b
Amazon announces the launch of a new sustainable packaging initiative for all products sold on its platform.,1,neutral,synthetic,mistral:7b
"Apple Inc. announces the launch of a new product line, the Apple Watch Series 8, in its latest operational update.",1,neutral,synthetic,mistral:7b
Microsoft announces a new partnership with IBM to develop cloud-based AI solutions.,1,neutral,synthetic,mistral:7b
"Amazon announces plans to launch a new renewable energy project in Texas, aiming to power its growing operations with sustainable sources.",1,neutral,synthetic,mistral:7b
Tech giant Microsoft announces the launch of its new cloud-based productivity suite.,1,neutral,synthetic,mistral:7b
"Apple Inc. announces the release of its new iOS 16 software today, featuring enhancements to Messages and Focus mode.",1,neutral,synthetic,mistral:7b
"Tech giant Google announces a new AI research initiative, set to commence in Q3.",1,neutral,synthetic,mistral:7b
Amazon announces plans to launch a new renewable energy project in Texas.,1,neutral,synthetic,mistral:7b
"Tech giant Microsoft announces the launch of its new cloud service for small businesses, set to be available globally by Q3 2023.",1,neutral,synthetic,mistral:7b
Amazon announces a new sustainable packaging initiative for all prime deliveries starting Q4 2023.,1,neutral,synthetic,mistral:7b
IBM announces the launch of its new AI-powered supply chain management solution.,1,neutral,synthetic,mistral:7b
Amazon announces the launch of a new sustainable packaging initiative for its products.,1,neutral,synthetic,mistral:7b
"Amazon announces plans to open a new distribution center in Ohio, further expanding its logistics network.",1,neutral,synthetic,mistral:7b
"Microsoft announces the launch of its new cloud-based productivity suite, aimed at enhancing collaboration among remote workers.",1,neutral,synthetic,mistral:7b
IBM announces the launch of a new AI-powered cloud service for small businesses.,1,neutral,synthetic,mistral:7b
"Amazon announces the launch of a new sustainability initiative, focusing on reducing packaging waste in its supply chain.",1,neutral,synthetic,mistral:7b
"Microsoft announces the release of its new cloud-based productivity suite, 'Office 365 F1', targeted towards low-income users worldwide.",1,neutral,synthetic,mistral:7b
"Amazon announces the launch of its new delivery drone service, promising faster shipping times for Prime members.",1,neutral,synthetic,mistral:7b
"Global tech giant Microsoft announces the launch of a new data center in Finland, set to bolster its cloud services across Northern Europe.",1,neutral,synthetic,mistral:7b
Amazon announces the launch of a new eco-friendly packaging initiative for Prime deliveries.,1,neutral,synthetic,mistral:7b
Tech giant Microsoft announces the launch of its new cloud-based productivity suite.,1,neutral,synthetic,mistral:7b
"Tech giant Microsoft announces a new partnership with IBM for cloud services integration, set to enhance productivity for joint clients.",1,neutral,synthetic,mistral:7b
"Amazon announces plans to expand its logistics network in Germany, aiming to boost delivery efficiency and customer satisfaction.",1,neutral,synthetic,mistral:7b
"Amazon announces the launch of a new cloud service, 'GreenGrid', aimed at reducing carbon emissions for businesses using its platform.",1,neutral,synthetic,mistral:7b
Amazon announces the launch of a new sustainable packaging initiative for its Prime delivery service.,1,neutral,synthetic,mistral:7b
IBM announces the launch of a new cloud-based analytics service for small businesses.,1,neutral,synthetic,mistral:7b
"Tech giant Apple Inc. announces the launch of its new iOS 16 operating system, set to roll out in September.",1,neutral,synthetic,mistral:7b
Goldman Sachs announces the appointment of a new head of its Asia-Pacific investment banking division.,1,neutral,synthetic,mistral:7b
IBM announces the launch of its new cloud-based AI platform for small businesses.,1,neutral,synthetic,mistral:7b
Amazon announces a new partnership with Deloitte for cloud-based tax reporting solutions.,1,neutral,synthetic,mistral:7b
"ABC Corporation announces the appointment of Jane Smith as its new Chief Financial Officer, effective immediately.",1,neutral,synthetic,mistral:7b
"IBM announces the appointment of Jane Doe as its new Chief Financial Officer, effective immediately.",1,neutral,synthetic,mistral:7b
"Tech giant Apple Inc. announces plans to expand its manufacturing operations in India, aiming to double production capacity over the next two years.",1,neutral,synthetic,mistral:7b
"Goldman Sachs Group announces the appointment of Jane Thompson as its new Chief Operating Officer, effective immediately.",1,neutral,synthetic,mistral:7b
Tech giant Apple announces a new partnership with healthcare provider CVS Health to develop health-focused apps and services.,1,neutral,synthetic,mistral:7b
"Apple announces the launch of its new iPhone SE, set to hit stores on April 16.",1,neutral,synthetic,mistral:7b
Amazon announces the launch of a new sustainable packaging initiative for its e-commerce operations.,1,neutral,synthetic,mistral:7b
Amazon announces plans to expand its renewable energy portfolio by investing in new wind farms and solar projects globally.,1,neutral,synthetic,mistral:7b
Tech giant Microsoft Corporation announces the launch of a new cloud-based productivity suite for small businesses.,1,neutral,synthetic,mistral:7b
"Tesla announces the launch of its new solar roof tiles, set to be unveiled at an event in California next month.",1,neutral,synthetic,mistral:7b
"ABC Corp announces the appointment of Jane Smith as its new Chief Financial Officer, effective immediately.",1,neutral,synthetic,mistral:7b
"Microsoft announces the launch of its new cloud service, Azure Arc, aimed at expanding its hybrid cloud offerings.",1,neutral,synthetic,mistral:7b
Amazon announces a new partnership with Deloitte for cloud consulting services to boost its AWS business.,1,neutral,synthetic,mistral:7b
IBM announces the launch of its new cloud-based data analytics platform.,1,neutral,synthetic,mistral:7b
"Apple Inc. announces the launch of its new iPhone SE model, available for pre-order starting April 17.",1,neutral,synthetic,mistral:7b
"Tech giant Microsoft announces the launch of its new cloud-based productivity suite, aimed at bolstering its offerings in the digital workspace market.",1,neutral,synthetic,mistral:7b
"Google announces the launch of its new cloud-based productivity suite, set to be rolled out in Q2 2023.",1,neutral,synthetic,mistral:7b
Global technology giant Microsoft announces the launch of a new cloud-based service for small businesses.,1,neutral,synthetic,mistral:7b
"Tech giant Microsoft announces the launch of its new cloud-based productivity suite, set to be available globally by Q4 2023.",1,neutral,synthetic,mistral:7b
"XYZ Corporation announces the appointment of Jane Doe as Chief Financial Officer, effective June 1st.",1,neutral,synthetic,mistral:7b
"Apple Inc. announces the release of its latest product, the iPhone 13, on schedule, set to hit stores next month.",1,neutral,synthetic,mistral:7b
Amazon announces a new partnership with Ford to develop delivery drones for Prime Air operations.,1,neutral,synthetic,mistral:7b
"Tech giant IBM announces a new cloud computing partnership with a European telecom provider, strengthening its global footprint in the digital services sector.",1,neutral,synthetic,mistral:7b
"Samsung Electronics announces the launch of its new Galaxy Book Pro series, featuring enhanced performance and sleek design.",1,neutral,synthetic,mistral:7b
"Tech giant Microsoft announces the launch of its new cloud-based AI platform, Azure Maps, set to revolutionize geospatial data analysis for businesses globally.",1,neutral,synthetic,mistral:7b
IBM announces the launch of its new quantum computing software suite for enterprise customers.,1,neutral,synthetic,mistral:7b
"Tech giant Google announces the launch of a new cloud service for small businesses, set to roll out in Q2 2023.",1,neutral,synthetic,mistral:7b
Tech giant Google announces the launch of a new cloud-based data analytics service.,1,neutral,synthetic,mistral:7b
"Tech giant Q2 earnings surge by 20%, beating analysts' expectations and sending shares soaring.",2,positive,synthetic,mistral:7b
"Q2 earnings report reveals a 15% profit increase for TechCorp, surpassing analysts' expectations.",2,positive,synthetic,mistral:7b
"Q3 earnings report shows a 15% increase in profits for XYZ Inc., beating analysts' expectations.",2,positive,synthetic,mistral:7b
Q4 earnings report reveals a 15% increase in profit for XYZ Corp.,2,positive,synthetic,mistral:7b
"Q2 earnings report reveals a 15% profit increase for TechCo, exceeding analysts' expectations.",2,positive,synthetic,mistral:7b
Q3 earnings report reveals a 15% year-on-year profit increase for Microsoft.,2,positive,synthetic,mistral:7b
"IBM's Q4 earnings exceeded expectations, posting a 12% year-over-year profit increase.",2,positive,synthetic,mistral:7b
"Q3 earnings report reveals a 15% revenue growth for Microsoft, surpassing analyst expectations.",2,positive,synthetic,mistral:7b
Q3 earnings report shows a 15% year-on-year profit increase for tech giant XYZ.,2,positive,synthetic,mistral:7b
"Q3 earnings reveal a 15% year-over-year revenue growth for Microsoft, surpassing analyst expectations.",2,positive,synthetic,mistral:7b
"Q2 earnings report shows a 15% profit increase for TechCo, surpassing analysts' expectations.",2,positive,synthetic,mistral:7b
"Q3 earnings report reveals a 15% profit increase for TechCorp, surpassing analysts' expectations.",2,positive,synthetic,mistral:7b
"Q3 earnings report shows a 15% profit increase for TechCo, exceeding analyst expectations.",2,positive,synthetic,mistral:7b
Q3 earnings report reveals a 12% year-over-year revenue growth for TechCorp.,2,positive,synthetic,mistral:7b
"Q3 earnings report shows a 12% profit increase for XYZ Corp, exceeding analysts' expectations.",2,positive,synthetic,mistral:7b
"Q3 earnings report reveals a 15% profit increase for XYZ Corporation, surpassing analyst expectations.",2,positive,synthetic,mistral:7b
Q3 earnings report reveals a 15% year-over-year profit increase for tech giant Microsoft.,2,positive,synthetic,mistral:7b
"Apple reports a 15% year-on-year increase in Q4 earnings, beating analyst expectations.",2,positive,synthetic,mistral:7b
"Q2 earnings report shows a 15% profit increase for XYZ Corporation, surpassing analysts' expectations.",2,positive,synthetic,mistral:7b
Q3 earnings report shows a 15% profit increase for tech giant XYZ Corporation.,2,positive,synthetic,mistral:7b
"Tech giant reports Q3 earnings beat by 15%, fueling a 6% rally in pre-market trading.",2,positive,synthetic,mistral:7b
"Apple reports a 15% increase in quarterly profits, beating analyst expectations.",2,positive,synthetic,mistral:7b
"Tech giant Q2 earnings exceed expectations by 10%, driven by strong demand for cloud services and a surge in product sales.",2,positive,synthetic,mistral:7b
"IBM posts a 12% year-over-year revenue growth in Q3, exceeding analyst expectations.",2,positive,synthetic,mistral:7b
"Tech giant Q2 earnings surpass expectations, driven by a 15% revenue growth and a 20% increase in profit margin.",2,positive,synthetic,mistral:7b
"Q3 earnings report shows a 15% revenue growth for TechCorp, surpassing analysts' estimates.",2,positive,synthetic,mistral:7b
"Microsoft reports a 15% increase in Q3 profits, exceeding analysts' expectations.",2,positive,synthetic,mistral:7b
Q3 earnings report reveals a 12% year-over-year revenue growth for TechCorp.,2,positive,synthetic,mistral:7b
"Tech giant Q3 earnings report reveals a 15% profit increase, surpassing analyst expectations.",2,positive,synthetic,mistral:7b
Q3 earnings report reveals a 15% year-over-year profit increase for TechCorp.,2,positive,synthetic,mistral:7b
"Q3 earnings surpassed expectations by 15%, driving a 20% increase in company profits.",2,positive,synthetic,mistral:7b
Q3 earnings report reveals a 15% year-over-year revenue growth for XYZ Corporation.,2,positive,synthetic,mistral:7b
Q2 earnings report shows a 15% increase in profits for TechCorp.,2,positive,synthetic,mistral:7b
"Tech giant Apple reports a 15% year-over-year rise in Q3 profits, surpassing analysts' expectations.",2,positive,synthetic,mistral:7b
"Tech giant Q4 earnings surpass expectations, posting a 15% year-over-year revenue growth.",2,positive,synthetic,mistral:7b
"Tech giant reports Q2 earnings 15% above estimates, driving a 7% surge in share prices.",2,positive,synthetic,mistral:7b
"Tech giant Amazon reports a 23% rise in Q4 profits, surpassing analyst expectations.",2,positive,synthetic,mistral:7b
Shares in XYZ Corporation surged 8% after announcing a 15% year-on-year revenue growth and raising its full-year guidance.,2,positive,synthetic,mistral:7b
Stock prices soar as company reports a 15% year-on-year revenue growth in Q3.,2,positive,synthetic,mistral:7b
"Q3 earnings reveal a 15% profit increase for Technology giant ABC Inc., outperforming analyst expectations.",2,positive,synthetic,mistral:7b
"Q3 earnings report shows a 15% profit increase for TechCorp, surpassing analysts' expectations.",2,positive,synthetic,mistral:7b
"Q3 earnings surpassed expectations, driven by a 15% year-over-year revenue growth.",2,positive,synthetic,mistral:7b
Q3 earnings report reveals a 12% profit increase for technology giant Microsoft.,2,positive,synthetic,mistral:7b
Shares in TechCorp surge 15% after Q3 earnings report reveals a 20% increase in profits and strong revenue growth.,2,positive,synthetic,mistral:7b
"Tech giant Q2 earnings exceed expectations by 15%, driven by strong demand for cloud services and digital products.",2,positive,synthetic,mistral:7b
Q2 earnings report reveals a 15% year-over-year increase in profit for XYZ Corporation.,2,positive,synthetic,mistral:7b
"Q2 earnings report shows a 15% profit increase for TechCorp, exceeding analysts' expectations.",2,positive,synthetic,mistral:7b
"Tech giant reports Q2 earnings surpassing analyst estimates by 10%, driving a 4% rise in its share price.",2,positive,synthetic,mistral:7b
"Tech giant Microsoft reports Q3 earnings with a 15% YoY revenue growth, surpassing analyst expectations.",2,positive,synthetic,mistral:7b
"Q3 earnings report shows a 15% profit increase for TechCorp, surpassing analyst expectations.",2,positive,synthetic,mistral:7b
Shares of TechCorp surge 8% after Q3 earnings report reveals a 25% year-on-year revenue growth.,2,positive,synthetic,mistral:7b
Stock prices surge as tech giant reports a 15% increase in Q2 profits.,2,positive,synthetic,mistral:7b
"Q3 earnings report reveals a 15% revenue growth for TechCorp, surpassing analyst expectations.",2,positive,synthetic,mistral:7b
"Microsoft reports a 15% increase in Q2 earnings, surpassing analysts' expectations.",2,positive,synthetic,mistral:7b
"Q3 earnings report reveals a 12% profit increase for TechCorp, surpassing analysts' expectations.",2,positive,synthetic,mistral:7b
Q3 earnings report reveals a 15% increase in profits for TechCorp.,2,positive,synthetic,mistral:7b
Q3 earnings report shows a 15% year-over-year increase in profit for technology giant Microsoft.,2,positive,synthetic,mistral:7b
"Q3 earnings report shows a 15% profit increase for tech giant XYZ, surpassing analyst expectations.",2,positive,synthetic,mistral:7b
"Q2 earnings report reveals a 15% profit increase for TechCorp, surpassing analyst expectations.",2,positive,synthetic,mistral:7b
Q3 earnings report reveals a 15% profit increase for XYZ Corporation.,2,positive,synthetic,mistral:7b
"Q4 earnings report shows a 15% revenue growth for TechCorp, surpassing analysts' expectations.",2,positive,synthetic,mistral:7b
"Tech giant Amazon reports a 20% increase in Q3 profits, surpassing analysts' expectations.",2,positive,synthetic,mistral:7b
Shares of TechCo soar after Q2 results reveal a 30% profit increase and revised optimistic outlook for the rest of the year.,2,positive,synthetic,mistral:7b
Q2 earnings report reveals a 15% year-on-year revenue growth for tech giant Google.,2,positive,synthetic,mistral:7b
"Shares in TechCorp surged 7% after announcing a 15% increase in Q3 profits, exceeding analyst estimates.",2,positive,synthetic,mistral:7b
Q2 earnings report reveals a 15% year-on-year increase in profits for TechCorp.,2,positive,synthetic,mistral:7b
Microsoft announces a 12% increase in Q3 profits due to robust sales in cloud services.,2,positive,synthetic,mistral:7b
Q3 earnings report reveals a 12% profit increase for TechCo compared to the same period last year.,2,positive,synthetic,mistral:7b
Shares in TechFirm Inc. surge 10% following Q3 earnings report showing a 25% year-on-year revenue growth and a 30% increase in net profits.,2,positive,synthetic,mistral:7b
"Q3 earnings report shows a 15% profit increase for TechCorp, surpassing analyst expectations.",2,positive,synthetic,mistral:7b
"Microsoft reports a 20% year-over-year revenue growth in Q3, surpassing analyst expectations.",2,positive,synthetic,mistral:7b
"Global tech giant announces a 15% decline in Q2 revenues, citing increased competition and supply chain disruptions.",0,negative,synthetic,mistral:7b
S&P Global Ratings downgrades XYZ Corp's credit rating due to concerns over mounting debts and deteriorating financial performance.,0,negative,synthetic,mistral:7b
"Q3 profits at XYZ Corporation miss expectations, leading to a 10% drop in share price.",0,negative,synthetic,mistral:7b
Q3 earnings report shows a 15% revenue decline for XYZ Corporation.,0,negative,synthetic,mistral:7b
"Shares of TechCorp plummet 15% following a disappointing Q2 earnings report, missing analyst expectations by $0.07 per share.",0,negative,synthetic,mistral:7b
Profit warnings issued by three major tech companies cause a broad sell-off in the tech sector today.,0,negative,synthetic,mistral:7b
"IBM issues profit warning due to unexpected market headwinds, sending shares tumbling by 10%.",0,negative,synthetic,mistral:7b
"Company X announces a 15% decrease in Q2 revenues, citing supply chain disruptions as the primary cause.",0,negative,synthetic,mistral:7b
Global Tech Co. issues a profit warning due to lower-than-expected sales in Q2.,0,negative,synthetic,mistral:7b
"Q3 profits at XYZ Corp fall short of expectations, causing a 10% dip in share price.",0,negative,synthetic,mistral:7b
"Shares in XYZ Corp plummet 15% after the company issues a profit warning for Q3, citing unexpected supply chain disruptions.",0,negative,synthetic,mistral:7b
"IBM issues a profit warning for Q2, citing supply chain disruptions and higher costs.",0,negative,synthetic,mistral:7b
"Shares in TechCorp plummet 10% after failing to meet Q2 earnings expectations, causing the company to issue a profit warning for the first time in its history.",0,negative,synthetic,mistral:7b
"Despite optimistic projections, tech giant XYZ has issued a profit warning due to unexpected supply chain disruptions.",0,negative,synthetic,mistral:7b
Pharmaceutical giant Merck announces a 15% revenue decline in Q3 due to lower-than-expected sales of its blockbuster drug.,0,negative,synthetic,mistral:7b
Stock prices for TechCorp plummet 10% following missed Q3 earnings expectations and revised FY22 outlook due to supply chain disruptions.,0,negative,synthetic,mistral:7b
Amazon announces a 10% reduction in its Q4 earnings due to increased operational costs.,0,negative,synthetic,mistral:7b
Company X announces a 15% drop in Q2 revenues compared to the same period last year.,0,negative,synthetic,mistral:7b
S&P Global lowers company X's credit rating due to concerns over rising debt levels and declining profits.,0,negative,synthetic,mistral:7b
Shares in XYZ Corporation plummeted 10% after the company issued a profit warning for Q2 2023.,0,negative,synthetic,mistral:7b
Pharmaceutical giant Merck reports a 10% decline in Q2 revenues due to lower-than-expected sales of its blockbuster drug Keytruda.,0,negative,synthetic,mistral:7b
"Tech giant IBM issues a profit warning for Q2, citing lower-than-expected demand in key markets.",0,negative,synthetic,mistral:7b
Profit warnings issued by three major tech companies lead to a significant drop in the NASDAQ index today.,0,negative,synthetic,mistral:7b
"Pharmaceutical giant Merck announces a 15% drop in Q3 earnings, citing higher production costs and lower-than-expected drug sales.",0,negative,synthetic,mistral:7b
Siemens AG issues a profit warning due to lower-than-expected sales in the energy sector.,0,negative,synthetic,mistral:7b
"Pharmaceutical giant Merck announces a 12% decline in Q2 revenues, attributing it to lower-than-expected sales of its key drug.",0,negative,synthetic,mistral:7b
"Global Tech Corp. announces a 15% decline in Q2 revenues, missing analysts' expectations and raising concerns about its growth strategy.",0,negative,synthetic,mistral:7b
Company X announces a 10% drop in Q2 profits amidst growing concerns over market volatility.,0,negative,synthetic,mistral:7b
"Tech giant Amazon reports a 12% drop in quarterly profits, citing increased costs and lower-than-expected sales.",0,negative,synthetic,mistral:7b
"ABC Corporation issues a profit warning, citing lower-than-expected sales in Q2.",0,negative,synthetic,mistral:7b
Profit warnings issued by TechCorp due to Q3 miss on earnings and a slowing global demand for its products.,0,negative,synthetic,mistral:7b
Pharmaceutical giant Pfizer issues a profit warning for Q3 due to unexpected delays in drug approvals.,0,negative,synthetic,mistral:7b
"Company X announces a 10% revenue decline in Q3, missing analyst expectations and raising concerns about its growth prospects.",0,negative,synthetic,mistral:7b
Shares in XYZ Corporation fell by 10% after announcing a revenue decline for Q3 and a subsequent profit warning for the rest of the year.,0,negative,synthetic,mistral:7b
